id,conversation_id,created_at,date,time,timezone,user_id,username,name,place,tweet,language,mentions,urls,photos,replies_count,retweets_count,likes_count,hashtags,cashtags,link,retweet,quote_url,video,thumbnail,near,geo,source,user_rt_id,user_rt,retweet_id,reply_to,retweet_date,translate,trans_src,trans_dest
1420670668400734210,1420670668400734210,2021-07-29 11:00:56 Namibia Standard Time,2021-07-29,11:00:56,+0200,576955104,veeplaas1,@veeplaas1,,Standard Bank is trots daarop dat hulle plaaslike ondernemings kon help om relevant te bly en te floreer. Die bank is gemoeid met groei in Afrika en weet dat dit nie meer genoeg is om net â€™n bank te wees nie. Lees meer hier:  https://t.co/EthAKxaNlj. @StandardBankZA  https://t.co/80wwYOn6R8,nl,"[{'screen_name': 'standardbankza', 'name': 'standardbankza', 'id': '56980888'}]",['http://ow.ly/y70y50FpUje'],['https://pbs.twimg.com/media/E7c8cedWEAAS_14.jpg'],0,0,0,[],[],https://twitter.com/Veeplaas1/status/1420670668400734210,False,,1,https://pbs.twimg.com/media/E7c8cedWEAAS_14.jpg,,,,,,,[],,,,
1420670519423217666,1420669369860902913,2021-07-29 11:00:21 Namibia Standard Time,2021-07-29,11:00:21,+0200,1248714767155462146,hlomnatso,Mohlomi NotÅ¡i,,@tumimisello1 Standard Bank ke liheleng!! ğŸ˜‚ğŸ˜‚ Worse worse,en,[],[],[],1,0,0,[],[],https://twitter.com/Hlomnatso/status/1420670519423217666,False,,0,,,,,,,,"[{'screen_name': 'tumimisello1', 'name': 'Khantsâ€™e', 'id': '2943932811'}]",,,,
1420669563168038916,1420376956084834309,2021-07-29 10:56:33 Namibia Standard Time,2021-07-29,10:56:33,+0200,99356569,srwaxa,Waxman,,"@ThokozaniKhali2 @mmodiba10 Kade ngaphuma, standard bank ndimbeke ezipheni naye.",tl,[],[],[],0,0,1,[],[],https://twitter.com/srwaxa/status/1420669563168038916,False,,0,,,,,,,,"[{'screen_name': 'ThokozaniKhali2', 'name': 'Thokozani Khalishwayo', 'id': '1124058111797530624'}, {'screen_name': 'mmodiba10', 'name': 'Modibe Modiba', 'id': '271931493'}]",,,,
1420668589196169217,1420667873597476867,2021-07-29 10:52:41 Namibia Standard Time,2021-07-29,10:52:41,+0200,1248714767155462146,hlomnatso,Mohlomi NotÅ¡i,,"@tumimisello1 They are way better, if want the worst service in the country try Standard Bank Lesotho ğŸ˜‚ğŸ˜‚ğŸ˜‚",en,[],[],[],0,0,1,[],[],https://twitter.com/Hlomnatso/status/1420668589196169217,False,,0,,,,,,,,"[{'screen_name': 'tumimisello1', 'name': 'Khantsâ€™e', 'id': '2943932811'}]",,,,
1420668098009440257,1420668098009440257,2021-07-29 10:50:43 Namibia Standard Time,2021-07-29,10:50:43,+0200,788021620409561088,rianidup2,Rianidup,,Making the Right Moves with the Standard Bank Business Credit Card  https://t.co/stVfmd7tBV,en,[],['https://dy.si/ZoN3HU2'],[],0,0,0,[],[],https://twitter.com/Rianidup2/status/1420668098009440257,False,,0,,,,,,,,[],,,,
1420667468700389376,1420471713360449537,2021-07-29 10:48:13 Namibia Standard Time,2021-07-29,10:48:13,+0200,710779578,tho_beee,Tee,,@KwaneleBhengu7 @sthaxbuthez kaDr Suliman by Standard Bank ngaseRank number 1,in,[],[],[],1,0,0,[],[],https://twitter.com/Tho_Beee/status/1420667468700389376,False,,0,,,,,,,,"[{'screen_name': 'KwaneleBhengu7', 'name': 'Kwanele Bhengu', 'id': '1214546516049874945'}, {'screen_name': 'sthaxbuthez', 'name': 'ğ”Ÿğ”¯ğ”¦ğ”', 'id': '4047869327'}]",,,,
1420665503882915840,1420665503882915840,2021-07-29 10:40:25 Namibia Standard Time,2021-07-29,10:40:25,+0200,1155517113534177281,gcinamoyo_,gcina,,Standard bank main bank Capitec just for it's convenience most of the time. Tym bank just for saving.,en,[],[],[],1,0,1,[],[],https://twitter.com/gcinamoyo_/status/1420665503882915840,False,https://twitter.com/KuhleHloma/status/1420656903521251332,0,,,,,,,,[],,,,
1420663546317361154,1420663546317361154,2021-07-29 10:32:38 Namibia Standard Time,2021-07-29,10:32:38,+0200,1360508297950994436,mpheaux,laxative.,,standard bank - main bank  ned bank - ndayivula because kabza and pori were on campus and i wanted to be in the â€œgolden circleâ€ğŸ§ğŸ¾â€â™€ï¸.  it was worth it ğŸ˜­ğŸ™ğŸ¾,en,[],[],[],2,1,12,[],[],https://twitter.com/mpheaux/status/1420663546317361154,False,https://twitter.com/kuhlehloma/status/1420656903521251332,0,,,,,,,,[],,,,
1420661797615554560,1420661797615554560,2021-07-29 10:25:41 Namibia Standard Time,2021-07-29,10:25:41,+0200,6344302,davidlgreilly,David Reilly,,Good work Standard Bank,en,[],[],[],0,0,0,[],[],https://twitter.com/DavidLGReilly/status/1420661797615554560,False,https://twitter.com/SelibengJobs/status/1420661627855192065,0,,,,,,,,[],,,,
1420661627855192065,1420661627855192065,2021-07-29 10:25:01 Namibia Standard Time,2021-07-29,10:25:01,+0200,1037243408300089344,selibengjobs,Selibeng.com,,NEW: Standard Bank Partners With Inspire Innovation On Women Entrepreneurship  https://t.co/TDLji6ixc7,en,[],['https://buff.ly/2WwtIDQ'],[],0,0,0,[],[],https://twitter.com/SelibengJobs/status/1420661627855192065,False,,0,,,,,,,,[],,,,
1420654246899425281,1420639909916942339,2021-07-29 09:55:41 Namibia Standard Time,2021-07-29,09:55:41,+0200,1074005617138982917,janvanpotgieter,Jan Van PotgieterğŸ‡¿ğŸ‡¦,,@thatoamanda_26 @StandardBankZA Batla nyela... Standard bank must pay out,ht,[],[],[],0,0,1,[],[],https://twitter.com/JanVanPotgieter/status/1420654246899425281,False,,0,,,,,,,,"[{'screen_name': 'thatoamanda_26', 'name': 'thato amanda ğŸ‡®ğŸ‡¹', 'id': '2154483417'}, {'screen_name': 'StandardBankZA', 'name': 'StandardBankZA', 'id': '56980888'}]",,,,
1420648731876200449,1420617359019102219,2021-07-29 09:33:46 Namibia Standard Time,2021-07-29,09:33:46,+0200,1396402684027080708,kanvastheart,Kay Habedi ğŸ‡®ğŸ‡¹,,"@TheAbikus @Kels_Lekwape It will still be quite a bit less workers... Standard bank retrenched thousands and replaced them with machinery, so has Macdonalds",en,[],[],[],1,0,1,[],[],https://twitter.com/KanvasTheArt/status/1420648731876200449,False,,0,,,,,,,,"[{'screen_name': 'TheAbikus', 'name': 'I am Naima', 'id': '46633552'}, {'screen_name': 'Kels_Lekwape', 'name': 'Kelebogile Lekwape', 'id': '745528054194147328'}]",,,,
1420647319154962432,1420011195902398476,2021-07-29 09:28:09 Namibia Standard Time,2021-07-29,09:28:09,+0200,3072941728,josias348josias,Malesela,,@SB_BizConnect How do i join standard bank 4-sure panel as one their service provider for their insurance members,en,[],[],[],1,0,0,[],[],https://twitter.com/Josias348Josias/status/1420647319154962432,False,,0,,,,,,,,"[{'screen_name': 'SB_BizConnect', 'name': 'SB BizBanking', 'id': '18074661'}]",,,,
1420641276513427463,1420635376033616418,2021-07-29 09:04:09 Namibia Standard Time,2021-07-29,09:04:09,+0200,1338801307,briankelly68,Brian Kelly,,@CityofJoburgZA Standard Bank also had the first auto teller on the corner of market and eloff streetâ€™s in Johannesburg in 1974,en,[],[],[],0,0,0,[],[],https://twitter.com/Briankelly68/status/1420641276513427463,False,,0,,,,,,,,"[{'screen_name': 'CityofJoburgZA', 'name': 'City of Joburg', 'id': '517306957'}]",,,,
1420640091093995520,1420639334563201025,2021-07-29 08:59:26 Namibia Standard Time,2021-07-29,08:59:26,+0200,453561396,elitecynic,Kartik Jayaraman,,@ovshake42 @ramkid Dave Houghton 1996/97 Standard Bank Tri-series was captain and coach of Zimbabwe.,en,[],[],[],0,0,7,[],[],https://twitter.com/elitecynic/status/1420640091093995520,False,,0,,,,,,,,"[{'screen_name': 'ovshake42', 'name': 'Abhishek Mukherjee (@SachinAzharCT)', 'id': '541499063'}, {'screen_name': 'ramkid', 'name': 'Ramki', 'id': '46868027'}]",,,,
1420639061610569728,1420639061610569728,2021-07-29 08:55:21 Namibia Standard Time,2021-07-29,08:55:21,+0200,937685658075848705,terkimbijames,TMD,,"I am inviting you to enjoy banking with Standard Chartered, through my referral code   https://t.co/HWNiO90eEY Don't forget to unlock new features by upgrading account and making transactions after registration.#fintech  #standardbank #standardcharteredbank #Scmobile",en,[],['https://retail.sc.com/scmobile/ng/?route=deep-link.onboarding&feature=NTB_NewAccount&referralCode=400156003'],[],2,0,1,"['fintech', 'standardbank', 'standardcharteredbank', 'scmobile']",[],https://twitter.com/terkimbijames/status/1420639061610569728,False,,0,,,,,,,,[],,,,
1420636219344670722,1420636219344670722,2021-07-29 08:44:03 Namibia Standard Time,2021-07-29,08:44:03,+0200,89282799,yfm,#YFM,,WIN R1500 with â€œWho killed the beatâ€ on The Lady on Drive with the @StandardBankArt Jazz Festival!ğŸ·  1. Choose a jazz note hereğŸµ:  https://t.co/Bgx3CGyCOW 2. Put your creative spin on it!ğŸ¤ 3. Post a video or voice recording with the #NAF2021 &amp; tag @yfm  Standard Bank #ItCanBe  https://t.co/PY0uIELfn6,en,"[{'screen_name': 'standardbankart', 'name': 'standard bank arts', 'id': '115632296'}, {'screen_name': 'yfm', 'name': '#yfm', 'id': '89282799'}]",['https://bit.ly/3hLX8Wy'],['https://pbs.twimg.com/media/E7cdHDGXIAIsisY.png'],2,0,10,"['naf2021', 'itcanbe']",[],https://twitter.com/Yfm/status/1420636219344670722,False,,1,https://pbs.twimg.com/media/E7cdHDGXIAIsisY.png,,,,,,,[],,,,
1420636040180781056,1420636040180781056,2021-07-29 08:43:20 Namibia Standard Time,2021-07-29,08:43:20,+0200,115632296,standardbankart,Standard Bank Arts,,"2020 #SBYA for Jazz @SisonkeXonti is a highly esteemed saxophonist, composer and arranger. Donâ€™t miss his thought-provoking music at the online Standard Bank Jazz Festival. Book now:  https://t.co/I7JqhRGT7w #AWorldOfArts #NAF2021 #ItCanBe  https://t.co/w5B5OIkwBo",en,"[{'screen_name': 'sisonkexonti', 'name': 'sisonke xonti', 'id': '1731520285'}]",['https://bit.ly/3AQmD0t'],['https://pbs.twimg.com/media/E7cc3aLXoAYL7on.jpg'],0,4,8,"['sbya', 'aworldofarts', 'naf2021', 'itcanbe']",[],https://twitter.com/StandardBankArt/status/1420636040180781056,False,,1,https://pbs.twimg.com/media/E7cc3aLXoAYL7on.jpg,,,,,,,[],,,,
1420635376033616418,1420635376033616418,2021-07-29 08:40:42 Namibia Standard Time,2021-07-29,08:40:42,+0200,517306957,cityofjoburgza,City of Joburg,,"The first bank to open in the town was the Standard Bank, opening on 11 October 1886, in a tent. From the tent, it moved to a thatched cottage, and the building stood at 185 Anderson Street.â€‹ Below is their first brunch &amp; it's well over 130 years.   #ExploreJoburg ^LM  https://t.co/tLbwkdppqn",en,[],[],"['https://pbs.twimg.com/media/E7ccVmzXMAMWCni.jpg', 'https://pbs.twimg.com/media/E7ccVm1WQAAofiE.jpg']",6,9,42,['explorejoburg'],[],https://twitter.com/CityofJoburgZA/status/1420635376033616418,False,,1,https://pbs.twimg.com/media/E7ccVmzXMAMWCni.jpg,,,,,,,[],,,,
1420635063075676160,1420635063075676160,2021-07-29 08:39:27 Namibia Standard Time,2021-07-29,08:39:27,+0200,755198720,jjvvuu,Jaco van Vuuren,,"#DustyHillRIP Continental Safari Tour, 31 July '96, Standard Bank Arena, Jhb  https://t.co/DsCWUeBm5E",en,[],[],['https://pbs.twimg.com/media/E7ccD5bXIAQLsyk.jpg'],0,0,0,['dustyhillrip'],[],https://twitter.com/JJvVuu/status/1420635063075676160,False,,1,https://pbs.twimg.com/media/E7ccD5bXIAQLsyk.jpg,,,,,,,[],,,,
1420632322156769281,1420632322156769281,2021-07-29 08:28:34 Namibia Standard Time,2021-07-29,08:28:34,+0200,892836121,q_to_you,Mr Quluba ğŸ’,,2019. I used my standard bank points to pour petrol from CPT to EC. I had 3 full tanks nge points nje qha. Those things are important,en,[],[],[],5,0,1,[],[],https://twitter.com/Q_to_you/status/1420632322156769281,False,https://twitter.com/MohaleMotaung_/status/1420631484155809792,0,,,,,,,,[],,,,
1420631638082347009,1420612008110559235,2021-07-29 08:25:51 Namibia Standard Time,2021-07-29,08:25:51,+0200,749381490,rnb129,FCPUI ğŸ‡®ğŸ‡³,,@El_Chopernos Remember him more for the second of 3 games in the 1997 standard bank tri series - he and craig evans won them a game that was India's for the taking.,en,[],[],[],0,0,0,[],[],https://twitter.com/Rnb129/status/1420631638082347009,False,,0,,,,,,,,"[{'screen_name': 'El_Chopernos', 'name': 'El Chopernos', 'id': '705455265932443649'}]",,,,
1420627335833915392,1420627335833915392,2021-07-29 08:08:45 Namibia Standard Time,2021-07-29,08:08:45,+0200,1259517745005244420,_ndoniyamanzi,Asifanani,,Definitely standard bankğŸ˜‘,en,[],[],[],0,1,1,[],[],https://twitter.com/_NdoniYamanzi/status/1420627335833915392,False,https://twitter.com/mtshwete/status/1420321342445035522,0,,,,,,,,[],,,,
1420626108719017984,1420626108719017984,2021-07-29 08:03:52 Namibia Standard Time,2021-07-29,08:03:52,+0200,1297865937262174211,bhekala1,Bhekala,,Feature Analyst - Standard Bank - Gauteng  https://t.co/goVwNqWY8q #joblinks #jobs,en,[],['https://jobs.bhekala.co.za/news/feature-analyst-standard-bank-gauteng?uid=119453'],[],0,0,0,"['joblinks', 'jobs']",[],https://twitter.com/Bhekala1/status/1420626108719017984,False,,0,,,,,,,,[],,,,
1420625182604075009,1420625182604075009,2021-07-29 08:00:12 Namibia Standard Time,2021-07-29,08:00:12,+0200,56980888,standardbankza,StandardBankZA,,"Thanks to the Standard Bank Bursary Programme, Olwethu is now a Full Stack Developer. Hear more about his journey here:  https://t.co/4JmiJLouoO  #ItCanBe  https://t.co/eMxcD1sZCl",en,[],['https://bddy.me/2WwtwEC'],['https://pbs.twimg.com/media/E7cTD2IWYAAiyxP.jpg'],0,3,11,['itcanbe'],[],https://twitter.com/StandardBankZA/status/1420625182604075009,False,,1,https://pbs.twimg.com/media/E7cTD2IWYAAiyxP.jpg,,,,,,,[],,,,
1420624313959391232,1420624313959391232,2021-07-29 07:56:45 Namibia Standard Time,2021-07-29,07:56:45,+0200,3298955848,helenapitout,Helena Pitout,,Making the Right Moves with the Standard Bank Business Credit Card  https://t.co/fCY7TjpLk2,en,[],['https://dy.si/qdMo4'],[],0,0,0,[],[],https://twitter.com/HelenaPitout/status/1420624313959391232,False,,0,,,,,,,,[],,,,
1420622921937133568,1420622921937133568,2021-07-29 07:51:13 Namibia Standard Time,2021-07-29,07:51:13,+0200,364523345,jerrybouwer1,MÄ´ay,,#RacialProfiling is so bad for Blacks in this Country!   @FNB @Absa and @StandardBank refuses to give a Black Person a R100 One month Loan .   Even if they know your Salary of R35k goes into that account!    #RacistBanksMustFall,en,"[{'screen_name': 'fnb', 'name': 'contacts nearby', 'id': '10691932'}, {'screen_name': 'absa', 'name': 'absa group', 'id': '2432320914'}, {'screen_name': 'standardbank', 'name': 'standard bank', 'id': '2847860697'}]",[],[],0,0,0,"['racialprofiling', 'racistbanksmustfall']",[],https://twitter.com/JerryBouwer1/status/1420622921937133568,False,,0,,,,,,,,[],,,,
1420611008423415812,1420611008423415812,2021-07-29 07:03:52 Namibia Standard Time,2021-07-29,07:03:52,+0200,1297865937262174211,bhekala1,Bhekala,,Feature Analyst - Standard Bank - Gauteng  https://t.co/aFkNM2xp97 #joblinks #CV,en,[],['https://jobs.bhekala.co.za/news/feature-analyst-standard-bank-gauteng?uid=119433'],[],0,0,0,"['joblinks', 'cv']",[],https://twitter.com/Bhekala1/status/1420611008423415812,False,,0,,,,,,,,[],,,,
1420609650869915648,1420609650869915648,2021-07-29 06:58:29 Namibia Standard Time,2021-07-29,06:58:29,+0200,3030234825,ntateskha,Corporate Rebel,,"Standard Bank has enabled insurance cover and claims capability via its WhatsApp-based chatbot.   This, as the bank reveals the chatbot has garnered interactions with some 300 000 South Africans since its launch last April  https://t.co/wd5YUZti9y",en,[],['https://www.itweb.co.za/content/5yONP7EgbVzqXWrb'],[],0,0,1,[],[],https://twitter.com/NtateSkha/status/1420609650869915648,False,,0,,,,,,,,[],,,,
1420606395997638657,1420592556165976064,2021-07-29 06:45:33 Namibia Standard Time,2021-07-29,06:45:33,+0200,1416849966409072651,tokolos30677865,Tokoloshe,,"@basilmabasa @tito_mboweni Use Standard Bank owned by the China and Afican Bank, VBS and Thyme bank. Stop complaining",en,[],[],[],0,0,0,[],[],https://twitter.com/Tokolos30677865/status/1420606395997638657,False,,0,,,,,,,,"[{'screen_name': 'basilmabasa', 'name': 'The Real Land Owner', 'id': '109226211'}, {'screen_name': 'tito_mboweni', 'name': 'Tito Mboweni', 'id': '855262092'}]",,,,
1420598876046827522,1420281469348585475,2021-07-29 06:15:40 Namibia Standard Time,2021-07-29,06:15:40,+0200,1265264314937757696,lutherkr_,Spuura,,"@HouzKid @AbsaSouthAfrica When you so this, you drive them crazy.  They won't come back. Standard Bank, charged me more than R2 000 in charges because there was no money in my business account for months, during the 1st few months of covid. Unreasonable and insensitive. Racist Banks Must Fall.",en,[],[],[],1,0,0,[],[],https://twitter.com/LutherKR_/status/1420598876046827522,False,,0,,,,,,,,"[{'screen_name': 'HouzKid', 'name': 'Thamsanqa J. Maseko', 'id': '493456544'}, {'screen_name': 'AbsaSouthAfrica', 'name': 'Absa South Africa', 'id': '537072585'}]",,,,
1420582368465719297,1420582368465719297,2021-07-29 05:10:04 Namibia Standard Time,2021-07-29,05:10:04,+0200,2357828917,gtaolover,ğ˜¼ğ™ğ™ƒğ˜¼ğ™„ğ™ğ™† ğ™ğ™ğ™ğ™€ğ˜¼ğ™ˆğ™„ğ™‰ğ™‚,,ã€GTAOã€‘ãƒ‘ã‚·ãƒ•ã‚£ãƒƒã‚¯éŠ€è¡Œå¼·ç›—ã‚¨ãƒªãƒ¼ãƒˆãƒãƒ£ãƒ¬ãƒ³ã‚¸ The Pacific Standard Bank Job Elite Challenge - TestRoute - FINALOOP ã€PS4ã€‘  https://t.co/5JfZNvyFLc #GTA5,ja,[],['https://youtu.be/EZHUSGyyMDk'],[],0,0,0,['gta5'],[],https://twitter.com/GTAOLOVER/status/1420582368465719297,False,,0,,,,,,,,[],,,,
1420580218281021446,1420331000157118466,2021-07-29 05:01:31 Namibia Standard Time,2021-07-29,05:01:31,+0200,170716072,mahanedza,Moshe - I believe,,@Thembisile_Q @niqita11 You can open a Standard Bank account online  transfer money from your account with your existing bank and effect the eft transaction. That is an option.,en,[],[],[],0,0,0,[],[],https://twitter.com/Mahanedza/status/1420580218281021446,False,,0,,,,,,,,"[{'screen_name': 'Thembisile_Q', 'name': 'Thembisile Q', 'id': '1240282987385827329'}, {'screen_name': 'niqita11', 'name': 'MINISTER OF HIV', 'id': '823246377383825409'}]",,,,
1420574607577214979,1420574607577214979,2021-07-29 04:39:14 Namibia Standard Time,2021-07-29,04:39:14,+0200,2357828917,gtaolover,ğ˜¼ğ™ğ™ƒğ˜¼ğ™„ğ™ğ™† ğ™ğ™ğ™ğ™€ğ˜¼ğ™ˆğ™„ğ™‰ğ™‚,,ã€GTAOã€‘ãƒ‘ã‚·ãƒ•ã‚£ãƒƒã‚¯éŠ€è¡Œå¼·ç›—æº–å‚™ã€Œãƒãƒƒã‚­ãƒ³ã‚°ã€ãŠã¨ã‚Šãƒãƒ¼ãƒ ã§é»’ãƒãƒ³ã‚’æœ€é€Ÿæœ€çŸ­è·é›¢ã§é‹ã¶ãƒ«ãƒ¼ãƒ†ã‚£ãƒ³ã‚° Pacific Standard Bank - Setup Hack ã€PS4ã€‘  https://t.co/G81LQ2OJAm #GTA5,ja,[],['https://youtu.be/2_FxBTu_ReA'],[],0,0,0,['gta5'],[],https://twitter.com/GTAOLOVER/status/1420574607577214979,False,,0,,,,,,,,[],,,,
1420571230516678660,1420335132972617729,2021-07-29 04:25:48 Namibia Standard Time,2021-07-29,04:25:48,+0200,1456681057,kingsushi2,Teboho More,,@c_crealz @Mkay_Azania @StandardBankZA @deft_pr @tymebankza I too am slowly doing the same. Standard bank ke flopoğŸš®ğŸš®ğŸš®,en,[],[],[],0,0,0,[],[],https://twitter.com/kingSushi2/status/1420571230516678660,False,,0,,,,,,,,"[{'screen_name': 'c_crealz', 'name': 'Toonz', 'id': '319556941'}, {'screen_name': 'Mkay_Azania', 'name': 'âšªBeware the wedge driverâš«OR Tambo', 'id': '178043150'}, {'screen_name': 'StandardBankZA', 'name': 'StandardBankZA', 'id': '56980888'}, {'screen_name': 'deft_pr', 'name': 'Deft PR', 'id': '910442771944759296'}, {'screen_name': 'tymebankza', 'name': 'TymeBank', 'id': '904269971446005760'}]",,,,
1420559576001249287,1420559576001249287,2021-07-29 03:39:30 Namibia Standard Time,2021-07-29,03:39:30,+0200,2357828917,gtaolover,ğ˜¼ğ™ğ™ƒğ˜¼ğ™„ğ™ğ™† ğ™ğ™ğ™ğ™€ğ˜¼ğ™ˆğ™„ğ™‰ğ™‚,,ã€GTAOã€‘ãƒ‘ã‚·ãƒ•ã‚£ãƒƒã‚¯éŠ€è¡Œå¼·ç›—æº–å‚™ã€Œä¿¡å·ã€ã§æ­»ã«ã‹ã‘ãŸã‘ã©åŠ©ã‹ã£ãŸã‚¯ãƒªã‚¹ãƒã‚¹ã®å¥‡è·¡ Pacific Standard Bank Heist - Signal Setup ã€PS4ã€‘  https://t.co/9JSv7gpLgp #GTA5,ja,[],['https://youtu.be/Mb0h_aMjCv4'],[],0,0,0,['gta5'],[],https://twitter.com/GTAOLOVER/status/1420559576001249287,False,,0,,,,,,,,[],,,,
1420550608684257282,1420550608684257282,2021-07-29 03:03:52 Namibia Standard Time,2021-07-29,03:03:52,+0200,1297865937262174211,bhekala1,Bhekala,,Scrum Master - Standard Bank - Gauteng  https://t.co/SfSu25Sdhk #CV #resume,en,[],['https://jobs.bhekala.co.za/news/scrum-master-standard-bank-gauteng?uid=119372'],[],0,0,0,"['cv', 'resume']",[],https://twitter.com/Bhekala1/status/1420550608684257282,False,,0,,,,,,,,[],,,,
1420542283179507712,1420542283179507712,2021-07-29 02:30:47 Namibia Standard Time,2021-07-29,02:30:47,+0200,1014507244858302464,bikofiles,Sunshine ğŸ¤©,,Standard bank financed apartheid!    #RacistBanksMustFall,en,[],[],[],1,1,3,['racistbanksmustfall'],[],https://twitter.com/Bikofiles/status/1420542283179507712,False,,0,,,,,,,,[],,,,
1420536859856232449,1420536859856232449,2021-07-29 02:09:14 Namibia Standard Time,2021-07-29,02:09:14,+0200,2357828917,gtaolover,ğ˜¼ğ™ğ™ƒğ˜¼ğ™„ğ™ğ™† ğ™ğ™ğ™ğ™€ğ˜¼ğ™ˆğ™„ğ™‰ğ™‚,,ã€GTAOã€‘ ãƒ‘ã‚·ãƒ•ã‚£ãƒƒã‚¯éŠ€è¡Œå¼·ç›—ã‚¨ãƒªãƒ¼ãƒˆãƒãƒ£ãƒ¬ãƒ³ã‚¸ The Pacific Standard Bank Job Heist Elite Challenge - FINALE ã€PS4ã€‘  https://t.co/xqtKGdc0mj #GTA5,ja,[],['https://youtu.be/7vYgSnJbQMY'],[],0,0,0,['gta5'],[],https://twitter.com/GTAOLOVER/status/1420536859856232449,False,,0,,,,,,,,[],,,,
1420536546676064256,1420536546676064256,2021-07-29 02:07:59 Namibia Standard Time,2021-07-29,02:07:59,+0200,1297865937262174211,bhekala1,Bhekala,,Scrum Master - Standard Bank - Gauteng  https://t.co/kQvzpZcN2Z #CV #joblinks,en,[],['https://jobs.bhekala.co.za/news/scrum-master-standard-bank-gauteng?uid=119398'],[],0,0,0,"['cv', 'joblinks']",[],https://twitter.com/Bhekala1/status/1420536546676064256,False,,0,,,,,,,,[],,,,
1420535508351033345,1420535508351033345,2021-07-29 02:03:52 Namibia Standard Time,2021-07-29,02:03:52,+0200,1297865937262174211,bhekala1,Bhekala,,Scrum Master - Standard Bank - Gauteng  https://t.co/yQr0tayLJh #CV #joblinks,en,[],['https://jobs.bhekala.co.za/news/scrum-master-standard-bank-gauteng?uid=119352'],[],0,0,0,"['cv', 'joblinks']",[],https://twitter.com/Bhekala1/status/1420535508351033345,False,,0,,,,,,,,[],,,,
1420531352080953345,1420529782043942913,2021-07-29 01:47:21 Namibia Standard Time,2021-07-29,01:47:21,+0200,968566343925723137,iamshainmachel,THE LANDLORD,,@_Samukayyy Come to Standard bank,en,[],[],[],0,0,1,[],[],https://twitter.com/Iamshainmachel/status/1420531352080953345,False,,0,,,,,,,,"[{'screen_name': '_Samukayyy', 'name': 'Samu.', 'id': '974416484997922817'}]",,,,
1420531213396238336,1420364339761106946,2021-07-29 01:46:48 Namibia Standard Time,2021-07-29,01:46:48,+0200,3040412974,greenkleensa,Matome Kgofelo,,@NdzaviDerrick I still can't forgive Standard bank for offering me a loan when I didn't need it and declined when I needed it. I left them.,en,[],[],[],0,0,10,[],[],https://twitter.com/greenkleensa/status/1420531213396238336,False,,0,,,,,,,,"[{'screen_name': 'NdzaviDerrick', 'name': 'Ndzavi Derrick .CBA', 'id': '64991683'}]",,,,
1420522460647198720,1420522460647198720,2021-07-29 01:12:01 Namibia Standard Time,2021-07-29,01:12:01,+0200,37650329,luckylefty99,The Benjamin$$,,"My aunt experienced a similar incident a few years back except this was with Standard Bank, all the money in her savings account vanished without a trace and nobody from Standard Bank knows what happened to it.ğŸ™„ğŸ™„",en,[],[],[],0,0,0,[],[],https://twitter.com/LuckyLefty99/status/1420522460647198720,False,https://twitter.com/insightfactor/status/1420325434672177157,0,,,,,,,,[],,,,
1420521420992520193,1420521420992520193,2021-07-29 01:07:53 Namibia Standard Time,2021-07-29,01:07:53,+0200,1297865937262174211,bhekala1,Bhekala,,Scrum Master - Standard Bank - Gauteng  https://t.co/SfSu25Sdhk #joblinks #resume,en,[],['https://jobs.bhekala.co.za/news/scrum-master-standard-bank-gauteng?uid=119372'],[],0,0,0,"['joblinks', 'resume']",[],https://twitter.com/Bhekala1/status/1420521420992520193,False,,0,,,,,,,,[],,,,
1420512336536915970,1420497267329486853,2021-07-29 00:31:47 Namibia Standard Time,2021-07-29,00:31:47,+0200,985468437043478529,glocky_boi,Izzy.Basse,,@venus_smuggler ğŸ˜¦ What the the other two banks ABSA and standard bank,en,[],[],[],0,0,0,[],[],https://twitter.com/Glocky_boi/status/1420512336536915970,False,,0,,,,,,,,"[{'screen_name': 'venus_smuggler', 'name': 'ğ‘´ğ’‚ğ’ğ’‚ğ’Šğ’Œğ’‚ ğ‘´ğ’‚ğ’ƒğ’‚ğ’”ğ’', 'id': '3009650483'}]",,,,
1420506320877260802,1420506320877260802,2021-07-29 00:07:53 Namibia Standard Time,2021-07-29,00:07:53,+0200,1297865937262174211,bhekala1,Bhekala,,Scrum Master - Standard Bank - Gauteng  https://t.co/yQr0tayLJh #resume #findwork,en,[],['https://jobs.bhekala.co.za/news/scrum-master-standard-bank-gauteng?uid=119352'],[],0,0,0,"['resume', 'findwork']",[],https://twitter.com/Bhekala1/status/1420506320877260802,False,,0,,,,,,,,[],,,,
1420504173158797318,1420504173158797318,2021-07-28 23:59:21 Namibia Standard Time,2021-07-28,23:59:21,+0200,1331642421558571012,ndlozi_mbali,ğŸ™ğŸ¾RT My Pinned TweetğŸ™ğŸ¾ ğŸŒˆğŸ³ï¸ğŸŒˆ,,Buy your ticket and find out why we are nominated for the Standard Bank Ovation Award.  https://t.co/aVgU6eYcIQâ€¦  Follow this link to get your tickets and watch from the comfort of your home. #BBNaija #BeKindHeartedToday #StandardBankArt  https://t.co/CrbNDYzBa8,en,[],['http://nationalartsfestival.co.za/show/izibazi-z'],"['https://pbs.twimg.com/media/E7alANvXEAIeK3p.jpg', 'https://pbs.twimg.com/media/E7alAN3WEAQ45Ej.jpg']",0,0,2,"['bbnaija', 'bekindheartedtoday', 'standardbankart']",[],https://twitter.com/ndlozi_mbali/status/1420504173158797318,False,,1,https://pbs.twimg.com/media/E7alANvXEAIeK3p.jpg,,,,,,,[],,,,
1420492814861881355,1420492813305790464,2021-07-28 23:14:13 Namibia Standard Time,2021-07-28,23:14:13,+0200,1291182039102873600,cryptokj2,cryptokj,,2) And a previous article that's related. Standard Bank &amp; @traydstream.   #XDC    https://t.co/mjpfMGnrET,en,"[{'screen_name': 'traydstream', 'name': 'traydstream', 'id': '875652229985738752'}]",['https://www.finextra.com/pressarticle/85360/standard-bank-goes-live-on-traydstream-platform'],[],1,1,18,['xdc'],[],https://twitter.com/cryptokj2/status/1420492814861881355,False,,0,,,,,,,,[],,,,
1420491573914112004,1420491573914112004,2021-07-28 23:09:17 Namibia Standard Time,2021-07-28,23:09:17,+0200,1297865937262174211,bhekala1,Bhekala,,Scrum Master - Standard Bank - Gauteng  https://t.co/UW4qOqIvvN #CV #jobs,en,[],['https://jobs.bhekala.co.za/news/scrum-master-standard-bank-gauteng?uid=119332'],[],0,0,0,"['cv', 'jobs']",[],https://twitter.com/Bhekala1/status/1420491573914112004,False,,0,,,,,,,,[],,,,
1420491572639064066,1420491572639064066,2021-07-28 23:09:17 Namibia Standard Time,2021-07-28,23:09:17,+0200,418107992,mthokozisizulu,Mntw. Mthokozisi Zulu,,"We received a Standard Bank Ovation Award! â¤ï¸Thank you @StandardBankArt &amp; @artsfestival  ğŸ™ğŸ¾ @mpume_ngwenya  &amp; @Kwan91861656 my amazing cast, congratulations! Thank you to my crew and everyone that made FED possible.",en,"[{'screen_name': 'standardbankart', 'name': 'standard bank arts', 'id': '115632296'}, {'screen_name': 'artsfestival', 'name': 'nationalartsfestival', 'id': '20868135'}, {'screen_name': 'mpume_ngwenya', 'name': 'mandlovu*', 'id': '441698397'}, {'screen_name': 'kwan91861656', 'name': 'kwandimathonsi', 'id': '1281264391942475782'}]",[],[],0,0,3,[],[],https://twitter.com/MthokozisiZulu/status/1420491572639064066,False,https://twitter.com/artsfestival/status/1420389591618625540,0,,,,,,,,[],,,,
1420491566683090945,1420491566683090945,2021-07-28 23:09:15 Namibia Standard Time,2021-07-28,23:09:15,+0200,2357828917,gtaolover,ğ˜¼ğ™ğ™ƒğ˜¼ğ™„ğ™ğ™† ğ™ğ™ğ™ğ™€ğ˜¼ğ™ˆğ™„ğ™‰ğ™‚,,ã€GTAOã€‘ãƒ‘ã‚·ãƒ•ã‚£ãƒƒã‚¯éŠ€è¡Œå¼·ç›—æº–å‚™ã€Œãƒã‚¤ã‚¯ã€ ãƒ¬ã‚¯ãƒˆãƒ­ã‚’ã‚µãƒ³ãƒ‰ã‚­ãƒ³ã‚°ã§é‹ã¶ã‚ˆï¼ ï¼ˆãƒã‚¿ãƒ—ãƒ¬ã‚¤ç·¨ï¼‰Pacific Standard Bank Heist - Bikes Setupã€PS4ã€‘  https://t.co/Pb6dDcm0kG #GTA5,ja,[],['https://youtu.be/vTLLnEmBAxw'],[],0,0,0,['gta5'],[],https://twitter.com/GTAOLOVER/status/1420491566683090945,False,,0,,,,,,,,[],,,,
1420482777842163714,1420325434672177157,2021-07-28 22:34:20 Namibia Standard Time,2021-07-28,22:34:20,+0200,346578575,cnkymodisha,CnkyModisha,,@Simpaas @insightfactor Standard bank paid my money back  After 48 hours of reporting that I was robbed at ATM,en,[],[],[],0,0,0,[],[],https://twitter.com/cnkymodisha/status/1420482777842163714,False,,0,,,,,,,,"[{'screen_name': 'Simpaas', 'name': 'theorist', 'id': '353883589'}, {'screen_name': 'insightfactor', 'name': 'The Insight Factor', 'id': '1319654402966364166'}]",,,,
1420480298928590848,1420276258416611328,2021-07-28 22:24:29 Namibia Standard Time,2021-07-28,22:24:29,+0200,1220645219818975232,no1feministfan,#Feminist Icons,,@MbuyiseniNdlozi @dmandisi Waiting for Standard Bank Joy of Jazz 2021 like this...,en,[],[],[],0,0,0,[],[],https://twitter.com/No1FeministFan/status/1420480298928590848,False,,0,,,,,,,,"[{'screen_name': 'MbuyiseniNdlozi', 'name': 'Mbuyiseni Ndlozi', 'id': '454904118'}, {'screen_name': 'dmandisi', 'name': 'Mandisi Dyantyis', 'id': '853207814'}]",,,,
1420476374289195010,1420476374289195010,2021-07-28 22:08:53 Namibia Standard Time,2021-07-28,22:08:53,+0200,1297865937262174211,bhekala1,Bhekala,,Scrum Master - Standard Bank - Gauteng  https://t.co/1lV2K1PJKA #jobs #CV,en,[],['https://jobs.bhekala.co.za/news/scrum-master-standard-bank-gauteng?uid=119312'],[],0,0,0,"['jobs', 'cv']",[],https://twitter.com/Bhekala1/status/1420476374289195010,False,,0,,,,,,,,[],,,,
1420470673512742914,1420470673512742914,2021-07-28 21:46:14 Namibia Standard Time,2021-07-28,21:46:14,+0200,1256156263580405761,zwotea_t,ğŸƒğ’µğ“Œâ€ğ“‰ğ‘’ğ’¶ â€¢â˜…ğ’¯ğ‘’ğ“ƒğ’¹ğ’¶ğ“ƒğ’¾ ğŸ€,,Standard bank ğŸ˜­ğŸ’”ğŸ˜ªğŸš®ğŸš®Customer care services are really horrible like today l was in a line from 12:00 to 16:00 just to collect a mere bank card ğŸ˜­ğŸ’”ğŸ˜©ğŸ¥².Yoh please @StandardBankZA fix your Thohoyandou branch . #standardbank #GomoraMzanzi #gladys #cassper  https://t.co/haD8fLXd4j,en,"[{'screen_name': 'standardbankza', 'name': 'standardbankza', 'id': '56980888'}]",[],['https://pbs.twimg.com/media/E7aGi2gWUAoRS1F.jpg'],1,0,0,"['standardbank', 'gomoramzanzi', 'gladys', 'cassper']",[],https://twitter.com/zwotea_t/status/1420470673512742914,False,,1,https://pbs.twimg.com/media/E7aGi2gWUAoRS1F.jpg,,,,,,,[],,,,
1420469994140413958,1420469994140413958,2021-07-28 21:43:32 Namibia Standard Time,2021-07-28,21:43:32,+0200,1419571019698917378,mmo_officesmoz,MMO_OfficesMoz,,Still a big mystery! #standardbank,en,[],[],[],0,0,1,['standardbank'],[],https://twitter.com/MMO_OfficesMoz/status/1420469994140413958,False,https://twitter.com/zitamarnews/status/1420033392352153605,0,,,,,,,,[],,,,
1420466326393528326,1420464446896488451,2021-07-28 21:28:57 Namibia Standard Time,2021-07-28,21:28:57,+0200,1425810968,fgungulo,Mabejane,,"@Mrs_libraa Na Av. De Trabalho, perto da Romos em direÃ§Ã£o a quem vai ao Standard Bank ou G4S",pt,[],[],[],1,0,0,[],[],https://twitter.com/FGungulo/status/1420466326393528326,False,,0,,,,,,,,"[{'screen_name': 'Mrs_libraa', 'name': 'MamaÃ§otaâ¤ï¸', 'id': '703534843'}]",,,,
1420465011273654274,1420465011273654274,2021-07-28 21:23:44 Namibia Standard Time,2021-07-28,21:23:44,+0200,1066544490,stitchious,Sizwesihle Mavuso,,"You wanted FNB, Standard Bank, Absa or Nedbank to process R350?",en,[],[],[],0,0,0,[],[],https://twitter.com/stitchious/status/1420465011273654274,False,https://twitter.com/NhlakesR0s3/status/1420463775346536461,0,,,,,,,,[],,,,
1420460346083528712,1420460346083528712,2021-07-28 21:05:12 Namibia Standard Time,2021-07-28,21:05:12,+0200,831535045743632388,sphiwe_100,SPHIWE,,Blocked my standard bank account due to security reasons . I have to go into the bank tomorrow in order to replace my card &amp; I just realised I misplaced my id bookğŸ˜­ğŸ˜­ğŸ˜­ğŸ˜­,en,[],[],[],0,0,0,[],[],https://twitter.com/Sphiwe_100/status/1420460346083528712,False,,0,,,,,,,,[],,,,
1420459828867125259,1420459828867125259,2021-07-28 21:03:08 Namibia Standard Time,2021-07-28,21:03:08,+0200,1248366341234491394,bandeziasavela,Asavela Bandezi,,Standard Bank Group: Bursaries 2022  https://t.co/Yah9x0NgDB,en,[],['https://www.studentroom.co.za/standard-bank-group-bursaries-2022/'],[],0,0,0,[],[],https://twitter.com/BandeziAsavela/status/1420459828867125259,False,,0,,,,,,,,[],,,,
1420455950994059264,1420422061948764161,2021-07-28 20:47:44 Namibia Standard Time,2021-07-28,20:47:44,+0200,1405130855232589832,coindcx_cares,CoinDCX Cares,,"@kifayatigyaan Hi Ashish, our team is working actively to bring back the UPI facility. You can use the Standard Bank Deposit option on CoinDCX Pro App/Web if your deposit amount is higher than INR 2 lacs. Meanwhile, you can use MobiKwik deposit to make a deposit for any smaller denomination.",en,[],[],[],0,0,0,[],[],https://twitter.com/CoinDCX_Cares/status/1420455950994059264,False,,0,,,,,,,,"[{'screen_name': 'kifayatigyaan', 'name': 'Ashish Ganguli', 'id': '117456385'}]",,,,
1420453814293778433,1420453814293778433,2021-07-28 20:39:14 Namibia Standard Time,2021-07-28,20:39:14,+0200,2357828917,gtaolover,ğ˜¼ğ™ğ™ƒğ˜¼ğ™„ğ™ğ™† ğ™ğ™ğ™ğ™€ğ˜¼ğ™ˆğ™„ğ™‰ğ™‚,,ã€GTAOã€‘ ãƒ‘ã‚·ãƒ•ã‚£ãƒƒã‚¯éŠ€è¡Œå¼·ç›—ã‚¨ãƒªãƒ¼ãƒˆãƒãƒ£ãƒ¬ãƒ³ã‚¸ The Pacific Standard Bank Job Heist Elite Challenge - FINALOOP ã€PS4ã€‘  https://t.co/dbOz3ju50G #GTA5,ja,[],['https://youtu.be/BTZQZIemJ-A'],[],0,0,0,['gta5'],[],https://twitter.com/GTAOLOVER/status/1420453814293778433,False,,0,,,,,,,,[],,,,
1420451198671458304,1420321356147789825,2021-07-28 20:28:51 Namibia Standard Time,2021-07-28,20:28:51,+0200,28290640,allhail,Hayley Venter,,@TaraDomOs I have to say Iâ€™ve done the new ID at Standard Bank and that was seamless!,en,[],[],[],0,0,1,[],[],https://twitter.com/allhail/status/1420451198671458304,False,,0,,,,,,,,"[{'screen_name': 'TaraDomOs', 'name': 'jetsundolma', 'id': '1218493035388067842'}]",,,,
1420449656799117315,1420432483456323597,2021-07-28 20:22:43 Namibia Standard Time,2021-07-28,20:22:43,+0200,2720141171,mathivhamzamo1,Mathivha Mzamo,,@sufficient_love Standard bank African bank,en,[],[],[],0,0,1,[],[],https://twitter.com/MathivhaMzamo1/status/1420449656799117315,False,,0,,,,,,,,"[{'screen_name': 'sufficient_love', 'name': 'ğ•‹ğ•™ğ•’ğ•Ÿğ•œğ•—ğ•¦ğ•ğŸ˜‡', 'id': '518844599'}]",,,,
1420448125546815495,1420448125546815495,2021-07-28 20:16:38 Namibia Standard Time,2021-07-28,20:16:38,+0200,840970973146947585,meujwara_ju,Fabulous Meu Jwara,,Happened to my mom and she moved her account to Standard bank immediately. Bayajwayelana eFNB,en,[],[],[],0,0,1,[],[],https://twitter.com/MeuJwara_Ju/status/1420448125546815495,False,https://twitter.com/shaunsst/status/1420425275389710342,0,,,,,,,,[],,,,
1420446217750949890,1420446217750949890,2021-07-28 20:09:03 Namibia Standard Time,2021-07-28,20:09:03,+0200,1297865937262174211,bhekala1,Bhekala,,Scrum Master - Standard Bank - Gauteng  https://t.co/CYMaI2x03o #CV #jobs,en,[],['https://jobs.bhekala.co.za/news/scrum-master-standard-bank-gauteng?uid=119292'],[],0,0,0,"['cv', 'jobs']",[],https://twitter.com/Bhekala1/status/1420446217750949890,False,,0,,,,,,,,[],,,,
1420445146227822604,1420435027222044674,2021-07-28 20:04:48 Namibia Standard Time,2021-07-28,20:04:48,+0200,1360409003025715201,mandah26922638,Mandah,,@Ngaziii Standard Bank and FNB are number 1 these days,en,[],[],[],1,0,1,[],[],https://twitter.com/Mandah26922638/status/1420445146227822604,False,,0,,,,,,,,"[{'screen_name': 'Ngaziii', 'name': 'Ngazii', 'id': '886481121990635520'}]",,,,
1420434219558481925,1420306803389251587,2021-07-28 19:21:22 Namibia Standard Time,2021-07-28,19:21:22,+0200,34577268,carolinedewet,Caroline de Wet,,"@YayaOfTroy @TheOtheMichaelJ Iâ€™ve just been to hell and back with Standard Bank bond grant, so many issues and mistakes but congratulations to your daughter Iâ€™m sure her transaction will be smooth going. Well done on getting into the property market. It is so crucial in building wealth. ğŸš",en,[],[],[],1,0,1,[],[],https://twitter.com/carolinedewet/status/1420434219558481925,False,,0,,,,,,,,"[{'screen_name': 'YayaOfTroy', 'name': 'Geraldine Harris', 'id': '192867263'}, {'screen_name': 'TheOtheMichaelJ', 'name': 'Michael Theunissen', 'id': '230465127'}]",,,,
1420431631890976772,1420431626513829897,2021-07-28 19:11:06 Namibia Standard Time,2021-07-28,19:11:06,+0200,1046868962506563586,_finnovex,FINNOVEX,,ğŸ“Œ Meet your Panellists: Dr. Bongani Andy Mabaso || Chief Information Officer at Standard Bank Group (@SBGroup )  Albert Yirenchi Danquah || Chief Information Security Officer (CISO) at Stanbic IBTC Bank (@StanbicIBTC ),en,"[{'screen_name': 'sbgroup', 'name': 'standard bank group', 'id': '2515048741'}, {'screen_name': 'stanbicibtc', 'name': 'stanbic ibtc', 'id': '711853548'}]",[],[],1,0,0,[],[],https://twitter.com/_Finnovex/status/1420431631890976772,False,,0,,,,,,,,[],,,,
1420431203987910658,1420431203987910658,2021-07-28 19:09:24 Namibia Standard Time,2021-07-28,19:09:24,+0200,2357828917,gtaolover,ğ˜¼ğ™ğ™ƒğ˜¼ğ™„ğ™ğ™† ğ™ğ™ğ™ğ™€ğ˜¼ğ™ˆğ™„ğ™‰ğ™‚,,ã€GTAOã€‘ãƒ‘ã‚·ãƒ•ã‚£ãƒƒã‚¯éŠ€è¡Œå¼·ç›—(ãƒ‘ã‚·ãƒ•ã‚£ãƒŠ) ãƒ‡ã‚£ãƒ³ã‚®ãƒ¼ä¹—ã£ã¦ã‚´ãƒ¼ãƒ«ã¾ã§éŠã‚“ã§ãŸã‚‰ãƒã‚¹ã‚¿ãƒ«ã‚¸ãƒƒã‚¯ãªä¸–ç•Œã«çªå…¥ Pacific Standard Bank Heist - FINALE ã€PS4ã€‘  https://t.co/L06KbNF3Hj #GTA5,ja,[],['https://youtu.be/6ujn4562PXM'],[],0,0,0,['gta5'],[],https://twitter.com/GTAOLOVER/status/1420431203987910658,False,,0,,,,,,,,[],,,,
1420431069069910019,1420431069069910019,2021-07-28 19:08:51 Namibia Standard Time,2021-07-28,19:08:51,+0200,1297865937262174211,bhekala1,Bhekala,,Scrum Master - Standard Bank - Gauteng  https://t.co/xqg72dOP0c #joblinks #findwork,en,[],['https://jobs.bhekala.co.za/news/scrum-master-standard-bank-gauteng?uid=119272'],[],0,0,0,"['joblinks', 'findwork']",[],https://twitter.com/Bhekala1/status/1420431069069910019,False,,0,,,,,,,,[],,,,
1420428154804580352,1420428154804580352,2021-07-28 18:57:17 Namibia Standard Time,2021-07-28,18:57:17,+0200,728105970,digitalstreetza,Digital Street,,OneFarm Share distributes more than 80 tons of food to KZN unrest relief / rebuilding?  https://t.co/yGQEqJUbRg  --- @StandardBankZA #StandardBank #OneFarmShare #UnrestSA #Donation #Relief #Rebuilding #NonProfit #SouthAfrica  https://t.co/bXMGAPxrYE,en,"[{'screen_name': 'standardbankza', 'name': 'standardbankza', 'id': '56980888'}]",['https://www.digitalstreetsa.com/onefarm-share-distributes-more-than-80-tons-of-food-to-kzn-unrest-relief-rebuilding/'],['https://pbs.twimg.com/media/E7Zf0DPWUAY1l_x.jpg'],0,0,0,"['standardbank', 'onefarmshare', 'unrestsa', 'donation', 'relief', 'rebuilding', 'nonprofit', 'southafrica']",[],https://twitter.com/DigitalStreetZA/status/1420428154804580352,False,,1,https://pbs.twimg.com/media/E7Zf0DPWUAY1l_x.jpg,,,,,,,[],,,,
1420426285424250883,1420335132972617729,2021-07-28 18:49:51 Namibia Standard Time,2021-07-28,18:49:51,+0200,387311182,kmkoekemoer,kgotatso Koekemoer,,"@siphephelo18 @Mkay_Azania @StandardBankZA @deft_pr that's what happened to me, i applied for credit card but i only qualified for 1000 kere 1tao, but i went to standard bank they gave me 15000tao, but im still with Absa",en,[],[],[],0,0,1,[],[],https://twitter.com/KMKoekemoer/status/1420426285424250883,False,,0,,,,,,,,"[{'screen_name': 'siphephelo18', 'name': 'The Mulla', 'id': '47911424'}, {'screen_name': 'Mkay_Azania', 'name': 'âšªBeware the wedge driverâš«OR Tambo', 'id': '178043150'}, {'screen_name': 'StandardBankZA', 'name': 'StandardBankZA', 'id': '56980888'}, {'screen_name': 'deft_pr', 'name': 'Deft PR', 'id': '910442771944759296'}]",,,,
1420425139171196929,1420393859293466638,2021-07-28 18:45:18 Namibia Standard Time,2021-07-28,18:45:18,+0200,1188157056584282112,hbar_to_moon,$HBAR to the Moon,,@dangerfish1972 @hedera Based on my personal research. EMTECH already building CBDC on Hedera and hedera is part of IWA whose participants are actively building CBDCs as well. Standard Bank has from Africa has also been open about exploring CBDCs with Hedera. That's off the top of my head,en,[],[],[],0,0,1,[],[],https://twitter.com/hbar_to_moon/status/1420425139171196929,False,,0,,,,,,,,"[{'screen_name': 'dangerfish1972', 'name': 'devin bowen', 'id': '81961462'}, {'screen_name': 'hedera', 'name': 'Hedera Hashgraph', 'id': '898917341051965441'}]",,,,
1420423951931658240,1420423951931658240,2021-07-28 18:40:34 Namibia Standard Time,2021-07-28,18:40:34,+0200,115632296,standardbankart,Standard Bank Arts,,Help us raise up to R500 000 for the artists on the Fringe of the @artsfestival. Simply write a message of support and Standard Bank will donate money for every message received. Visit Bank of Dreams here:  https://t.co/GNuC9l4uGm #BankOfDreams #ItCanBe  https://t.co/gBVnWaDJn9,en,"[{'screen_name': 'artsfestival', 'name': 'nationalartsfestival', 'id': '20868135'}]",['https://arts.standardbank.co.za/'],[],2,11,10,"['bankofdreams', 'itcanbe']",[],https://twitter.com/StandardBankArt/status/1420423951931658240,False,,1,https://pbs.twimg.com/ext_tw_video_thumb/1420420917348470787/pu/img/Chg3CU3cAbZk6htq.jpg,,,,,,,[],,,,
1420423361268756482,1420383540663832584,2021-07-28 18:38:14 Namibia Standard Time,2021-07-28,18:38:14,+0200,436095369,misspmatoli,MissPğŸŒ¹,,@evolving2live Easy equities.  Standard bank online share trading.,en,[],[],[],0,1,5,[],[],https://twitter.com/MissPMatoli/status/1420423361268756482,False,,0,,,,,,,,"[{'screen_name': 'evolving2live', 'name': 'Small Steps To Freedom', 'id': '2446825608'}]",,,,
1420417485656965123,1420390994499997698,2021-07-28 18:14:53 Namibia Standard Time,2021-07-28,18:14:53,+0200,207946057,unqambothi_,Bongani,,@PhindileForbes @MrsNoma Nithi i Standard bank yenzani? ğŸ¤£ğŸ¤£ğŸ¤£ğŸ¤¦,it,[],[],[],2,0,2,[],[],https://twitter.com/unqambothi_/status/1420417485656965123,False,,0,,,,,,,,"[{'screen_name': 'PhindileForbes', 'name': 'Makhay', 'id': '83907213'}, {'screen_name': 'MrsNoma', 'name': 'Mrs Noma ğŸ”†', 'id': '1194857104617676800'}]",,,,
1420413793037955076,1420413793037955076,2021-07-28 18:00:12 Namibia Standard Time,2021-07-28,18:00:12,+0200,168457476,twrafrica,TWR Africa,,"#ReachtheWorld for Christ| You can support TWR financially with a gift of any amount, at Standard Bank, Festival Mall Branch ( 012442) Account number 01 193 2945; or securely via our website  https://t.co/amyergIOrl  https://t.co/rIELxul4mr",en,[],['http://www.twrafrica.org'],['https://pbs.twimg.com/media/E7ZS0ItWYAcnnix.jpg'],0,0,2,['reachtheworld'],[],https://twitter.com/twrafrica/status/1420413793037955076,False,,1,https://pbs.twimg.com/media/E7ZS0ItWYAcnnix.jpg,,,,,,,[],,,,
1420413478205108226,1420413478205108226,2021-07-28 17:58:57 Namibia Standard Time,2021-07-28,17:58:57,+0200,89282799,yfm,#YFM,,Congratulations to @impakt_OhG for winning R1500! ğŸ‘  Bongani is the winner in today's battle on Who Killed the Beat on  #TheLadyOnDrive with  Standard Bank - Arts  Jazz Festival. ğŸ·ğŸºğŸ™   #NAF2021  https://t.co/yvVtB0uYI5,en,"[{'screen_name': 'impakt_ohg', 'name': '#beefandoxtail', 'id': '604543306'}]",[],['https://pbs.twimg.com/media/E7ZSh52WUAQEupt.jpg'],4,7,15,"['theladyondrive', 'naf2021']",[],https://twitter.com/Yfm/status/1420413478205108226,False,,1,https://pbs.twimg.com/media/E7ZSh52WUAQEupt.jpg,,,,,,,[],,,,
1420413054702039046,1420154910079918090,2021-07-28 17:57:16 Namibia Standard Time,2021-07-28,17:57:16,+0200,1363982680707235843,phantom_141_sas,ğš‚ğ™¸ğ™¼ğ™¾ğ™½ â€œğ™¿ğ™·ğ™°ğ™½ğšƒğ™¾ğ™¼â€ ğšğ™¸ğ™»ğ™´ğšˆ (criminal),,@Woods69196740 â€œPacific standard bankâ€,en,[],[],[],1,0,1,[],[],https://twitter.com/PHANTOM_141_SAS/status/1420413054702039046,False,,0,,,,,,,,"[{'screen_name': 'Woods69196740', 'name': 'The stranger', 'id': '1368406124697968641'}]",,,,
1420412260837638149,1420378996005609478,2021-07-28 17:54:07 Namibia Standard Time,2021-07-28,17:54:07,+0200,1002074138058600448,sbo_21,Pilot_21,,@MozzeMkgotlis @LeGhettoSnob_ This as well! Iâ€™ve applied for a business loan at standard bank and the requirementsâ€¦ ğŸ¤£,en,[],[],[],1,1,1,[],[],https://twitter.com/Sbo_21/status/1420412260837638149,False,,0,,,,,,,,"[{'screen_name': 'MozzeMkgotlis', 'name': 'Mozze', 'id': '3250989921'}, {'screen_name': 'LeGhettoSnob_', 'name': 'Lerato KhaoleğŸ•ŠğŸ’•', 'id': '1352533194378252289'}]",,,,
1420406383489560577,1420406383489560577,2021-07-28 17:30:46 Namibia Standard Time,2021-07-28,17:30:46,+0200,131237415,bestfri3nd_,ThatoT,,My first one was the Sum1 account from standard bank.. I think my mom. Opened it for me when I was 10.. @SizweDhlomo #KhayaDrive,en,"[{'screen_name': 'sizwedhlomo', 'name': 'sizwe dhlomo', 'id': '36061357'}]",[],[],0,0,1,['khayadrive'],[],https://twitter.com/Bestfri3nd_/status/1420406383489560577,False,,0,,,,,,,,[],,,,
1420399290061557763,1420335132972617729,2021-07-28 17:02:35 Namibia Standard Time,2021-07-28,17:02:35,+0200,4510402281,the_reality_1,Reality,,@SiphoGcora @Mkay_Azania @StandardBankZA @deft_pr Standard Bank is a black owned bank. Malema. Ramaphosa and Zuma own shares in Standard Bank through their pension funds just like white people.,en,[],[],[],2,0,2,[],[],https://twitter.com/The_Reality_1/status/1420399290061557763,False,,0,,,,,,,,"[{'screen_name': 'SiphoGcora', 'name': 'Sipho Gcora', 'id': '2539732299'}, {'screen_name': 'Mkay_Azania', 'name': 'âšªBeware the wedge driverâš«OR Tambo', 'id': '178043150'}, {'screen_name': 'StandardBankZA', 'name': 'StandardBankZA', 'id': '56980888'}, {'screen_name': 'deft_pr', 'name': 'Deft PR', 'id': '910442771944759296'}]",,,,
1420399142648561666,1420399142648561666,2021-07-28 17:02:00 Namibia Standard Time,2021-07-28,17:02:00,+0200,1164048278,nkosibusa,Lungelo Dladla,,"Standard Bank Ixopo branch R2.5 million from a business transferred into four accounts with out authorization.   They failed to give answers and the hawks are nor assisting , local police stations refused to open a case.",en,[],[],[],2,0,0,[],[],https://twitter.com/nkosibusa/status/1420399142648561666,False,https://twitter.com/insightfactor/status/1420325434672177157,0,,,,,,,,[],,,,
1420398314885894147,1420398314885894147,2021-07-28 16:58:42 Namibia Standard Time,2021-07-28,16:58:42,+0200,115632296,standardbankart,Standard Bank Arts,,A special congratulations to this weekâ€™s Standard Bank Ovation Award winners! Thank you for sharing your amazing talents with us! ğŸ’™ #NAF2021 #ItCanBe #AWorldOfArts,en,[],[],[],0,2,3,"['naf2021', 'itcanbe', 'aworldofarts']",[],https://twitter.com/StandardBankArt/status/1420398314885894147,False,https://twitter.com/20868135/status/1420389591618625540,0,,,,,,,,[],,,,
1420393901370847232,1420393901370847232,2021-07-28 16:41:10 Namibia Standard Time,2021-07-28,16:41:10,+0200,89282799,yfm,#YFM,,WIN R1500 with â€œWho killed the beatâ€ on The Lady on Drive with the @StandardBankArt Jazz Festival!ğŸ·  1. Choose a jazz note hereğŸµ:  https://t.co/Bgx3CGyCOW 2. Put your creative spin on it!ğŸ¤ 3. Post a video or voice recording with the #NAF2021 &amp; tag @yfm  Standard Bank #ItCanBe  https://t.co/Z2WUUPmYdS,en,"[{'screen_name': 'standardbankart', 'name': 'standard bank arts', 'id': '115632296'}, {'screen_name': 'yfm', 'name': '#yfm', 'id': '89282799'}]",['https://bit.ly/3hLX8Wy'],['https://pbs.twimg.com/media/E7ZAuRAXEAIN_ql.png'],2,1,12,"['naf2021', 'itcanbe']",[],https://twitter.com/Yfm/status/1420393901370847232,False,,1,https://pbs.twimg.com/media/E7ZAuRAXEAIN_ql.png,,,,,,,[],,,,
1420393850569437191,1420294772841910273,2021-07-28 16:40:58 Namibia Standard Time,2021-07-28,16:40:58,+0200,1056278360060502017,mabenabusi1,Busi Margareth Mabena,,@IamSihleNdlala @Tumi91893972 @RSphiso @NkanyeziKubheka True  .even @Standard Bank never paid me this.ğŸ‘‰  https://t.co/ve475KUaly,en,"[{'screen_name': 'standard', 'name': 'yusuke hirano @ bkk | luke', 'id': '5620812'}]",[],['https://pbs.twimg.com/media/E7ZAqqRXMAI8fnY.jpg'],1,0,2,[],[],https://twitter.com/MabenaBusi1/status/1420393850569437191,False,,1,https://pbs.twimg.com/media/E7ZAqqRXMAI8fnY.jpg,,,,,,,"[{'screen_name': 'IamSihleNdlala', 'name': 'SIHLEâ„¢', 'id': '2436555147'}, {'screen_name': 'Tumi91893972', 'name': 'Tumi', 'id': '1380044657107820548'}, {'screen_name': 'RSphiso', 'name': 'Sfiso Mahlangu', 'id': '877212275106607105'}, {'screen_name': 'NkanyeziKubheka', 'name': 'Nkanyezi', 'id': '57297727'}]",,,,
1420393127538577410,1420390994499997698,2021-07-28 16:38:05 Namibia Standard Time,2021-07-28,16:38:05,+0200,1194857104617676800,mrsnoma,Mrs Noma ğŸ”†,,"@PhindileForbes What happened?  I love standard bank for business purposes, yes I don't always agree with the systems and processes but overall they are good for my business",en,[],[],[],1,0,2,[],[],https://twitter.com/MrsNoma/status/1420393127538577410,False,,0,,,,,,,,"[{'screen_name': 'PhindileForbes', 'name': 'Makhay', 'id': '83907213'}]",,,,
1420389591618625540,1420389591618625540,2021-07-28 16:24:02 Namibia Standard Time,2021-07-28,16:24:02,+0200,20868135,artsfestival,NationalArtsFestival,,New round of @StandardBankArt Ovation Awards ğŸ‘ğŸ‘ The Standard Bank Ovations Awards recognise works on the Fringe that stand out. These shows will bear the Standard Bank Ovation sticker so be sure to catch them and join us at the Standard Bank Ovation Awards Ceremony on the 31st!  https://t.co/ZKMxvTHOqa,en,"[{'screen_name': 'standardbankart', 'name': 'standard bank arts', 'id': '115632296'}]",[],['https://pbs.twimg.com/media/E7Y8sSmWYAcP5fg.jpg'],0,2,8,[],[],https://twitter.com/artsfestival/status/1420389591618625540,False,,1,https://pbs.twimg.com/media/E7Y8sSmWYAcP5fg.jpg,,,,,,,[],,,,
1420389244586049538,1420335132972617729,2021-07-28 16:22:40 Namibia Standard Time,2021-07-28,16:22:40,+0200,1418164893304426498,nrelwob,Nibla Relwob,,@Mkay_Azania @StandardBankZA @deft_pr Hope you changed bank.  I also cancelled my Standard Bank account.,en,[],[],[],0,0,2,[],[],https://twitter.com/NRelwob/status/1420389244586049538,False,,0,,,,,,,,"[{'screen_name': 'Mkay_Azania', 'name': 'âšªBeware the wedge driverâš«OR Tambo', 'id': '178043150'}, {'screen_name': 'StandardBankZA', 'name': 'StandardBankZA', 'id': '56980888'}, {'screen_name': 'deft_pr', 'name': 'Deft PR', 'id': '910442771944759296'}]",,,,
1420388957901180935,1420388957901180935,2021-07-28 16:21:31 Namibia Standard Time,2021-07-28,16:21:31,+0200,623926125,jeremiathulo,ğ–ğ–‡ğ–ğ–šğ–‰ğ–‰ğ–† ğŸŒŠ,,"Teekay actually made me more vigilant about the activities on my bank account, bcs standard bank really be taking money without me noticing â˜ ï¸",en,[],[],[],0,0,0,[],[],https://twitter.com/JeremiaThulo/status/1420388957901180935,False,,0,,,,,,,,[],,,,
1420388529650163712,1420348302189637636,2021-07-28 16:19:49 Namibia Standard Time,2021-07-28,16:19:49,+0200,491088259,grantbza,grantza,,@StandardBankZA she also has a few standard bank accounts,en,[],[],[],0,0,0,[],[],https://twitter.com/grantbza/status/1420388529650163712,False,,0,,,,,,,,"[{'screen_name': 'StandardBankZA', 'name': 'StandardBankZA', 'id': '56980888'}]",,,,
1420387165469614082,1420340623668916228,2021-07-28 16:14:24 Namibia Standard Time,2021-07-28,16:14:24,+0200,1410704668179812356,xman_101_,Xman,,"@Sasalurv @mmodiba10 @StandardBankZA @Sasalurv I am also with Standard bank , their private banking department is useless they donâ€™t reply to any request or they will tell you to go to the bank. The last time I spoke to my banker was when she was assigned to me. I am cancelling my account with them",en,[],[],[],0,1,2,[],[],https://twitter.com/Xman_101_/status/1420387165469614082,False,,0,,,,,,,,"[{'screen_name': 'Sasalurv', 'name': 'ASMğŸ“ğŸ‘‘ğŸ‡¿ğŸ‡¦', 'id': '33868697'}, {'screen_name': 'mmodiba10', 'name': 'Modibe Modiba', 'id': '271931493'}, {'screen_name': 'StandardBankZA', 'name': 'StandardBankZA', 'id': '56980888'}]",,,,
1420384677559513089,1420384677559513089,2021-07-28 16:04:31 Namibia Standard Time,2021-07-28,16:04:31,+0200,409372829,kingcodes013,king,,most racist banks i know is FNB and Standard Bank. Nedbank and Capitec is very good banks the rest are racist! #RacistBanksMustFall,en,[],[],[],1,0,0,['racistbanksmustfall'],[],https://twitter.com/kingcodes013/status/1420384677559513089,False,,0,,,,,,,,[],,,,
1420383656217022466,1420383656217022466,2021-07-28 16:00:27 Namibia Standard Time,2021-07-28,16:00:27,+0200,325489535,eininsurance,EIN Presswire: Insurance Newswire,,Standard Bank bolsters chatbot with insurance claims function  https://t.co/RDUek0tpQo,en,[],['http://s.einnews.com/6-8d6cMQrt'],[],0,0,0,[],[],https://twitter.com/EINInsurance/status/1420383656217022466,False,,0,,,,,,,,[],,,,
1420382994808848389,1420294772841910273,2021-07-28 15:57:50 Namibia Standard Time,2021-07-28,15:57:50,+0200,1026473840,sizwefaithsitho,sizwefaithsithole,,@Stallie10 @NkanyeziKubheka How do you play lotto with standard bank,en,[],[],[],0,0,0,[],[],https://twitter.com/sizwefaithsitho/status/1420382994808848389,False,,0,,,,,,,,"[{'screen_name': 'Stallie10', 'name': 'Vule Herself', 'id': '1308624433972686848'}, {'screen_name': 'NkanyeziKubheka', 'name': 'Nkanyezi', 'id': '57297727'}]",,,,
1420382905210134530,1420306803389251587,2021-07-28 15:57:28 Namibia Standard Time,2021-07-28,15:57:28,+0200,192867263,yayaoftroy,Geraldine Harris,,"@TheOtheMichaelJ You are the second person this week complimenting Standard Bank for bonds, good for them. @carolinedewet",en,"[{'screen_name': 'carolinedewet', 'name': 'caroline de wet', 'id': '34577268'}]",[],[],1,0,1,[],[],https://twitter.com/YayaOfTroy/status/1420382905210134530,False,,0,,,,,,,,"[{'screen_name': 'TheOtheMichaelJ', 'name': 'Michael Theunissen', 'id': '230465127'}]",,,,
1420373723228540932,1420335132972617729,2021-07-28 15:20:59 Namibia Standard Time,2021-07-28,15:20:59,+0200,2539732299,siphogcora,Sipho Gcora,,@Mkay_Azania @StandardBankZA @deft_pr I think Standard Bank is a conservative bank. We need a black owned bank.,en,[],[],[],2,1,4,[],[],https://twitter.com/SiphoGcora/status/1420373723228540932,False,,0,,,,,,,,"[{'screen_name': 'Mkay_Azania', 'name': 'âšªBeware the wedge driverâš«OR Tambo', 'id': '178043150'}, {'screen_name': 'StandardBankZA', 'name': 'StandardBankZA', 'id': '56980888'}, {'screen_name': 'deft_pr', 'name': 'Deft PR', 'id': '910442771944759296'}]",,,,
1420372725151977476,1420369635669647360,2021-07-28 15:17:01 Namibia Standard Time,2021-07-28,15:17:01,+0200,298156472,sphile_cele,Tupacâ€™s Muse,,@siya_trashboat Standard bank has all these cool hidden features bro.,en,[],[],[],0,0,0,[],[],https://twitter.com/Sphile_Cele/status/1420372725151977476,False,,0,,,,,,,,"[{'screen_name': 'siya_trashboat', 'name': 'PinocchioğŸ¤¥', 'id': '708746407990173696'}]",,,,
1420674736896479236 2021-07-29 11:17:06 +0200 <mustbemicha> @JacxbsR if you bank with standard bank you can do it online
1420672327608684544 2021-07-29 11:07:32 +0200 <Thomiilee> @DeonHotto @PayPulseNA @StandardBankNa I withdraw cash from my PayPulse wallet at Standard Bank ATM using my Tama! I send myself a BlueVoucher using the shortcode *140*6626#. #PayPulseCan @StandardBankNa @StandardBankZA
1420670668400734210 2021-07-29 11:00:56 +0200 <Veeplaas1> Standard Bank is trots daarop dat hulle plaaslike ondernemings kon help om relevant te bly en te floreer. Die bank is gemoeid met groei in Afrika en weet dat dit nie meer genoeg is om net â€™n bank te wees nie. Lees meer hier:  https://t.co/EthAKxaNlj. @StandardBankZA  https://t.co/80wwYOn6R8
1420670519423217666 2021-07-29 11:00:21 +0200 <Hlomnatso> @tumimisello1 Standard Bank ke liheleng!! ğŸ˜‚ğŸ˜‚ Worse worse
1420669563168038916 2021-07-29 10:56:33 +0200 <srwaxa> @ThokozaniKhali2 @mmodiba10 Kade ngaphuma, standard bank ndimbeke ezipheni naye.
1420668589196169217 2021-07-29 10:52:41 +0200 <Hlomnatso> @tumimisello1 They are way better, if want the worst service in the country try Standard Bank Lesotho ğŸ˜‚ğŸ˜‚ğŸ˜‚
1420668098009440257 2021-07-29 10:50:43 +0200 <Rianidup2> Making the Right Moves with the Standard Bank Business Credit Card  https://t.co/stVfmd7tBV
1420667468700389376 2021-07-29 10:48:13 +0200 <Tho_Beee> @KwaneleBhengu7 @sthaxbuthez kaDr Suliman by Standard Bank ngaseRank number 1
1420665503882915840 2021-07-29 10:40:25 +0200 <gcinamoyo_> Standard bank main bank Capitec just for it's convenience most of the time. Tym bank just for saving.
1420663546317361154 2021-07-29 10:32:38 +0200 <mpheaux> standard bank - main bank  ned bank - ndayivula because kabza and pori were on campus and i wanted to be in the â€œgolden circleâ€ğŸ§ğŸ¾â€â™€ï¸.  it was worth it ğŸ˜­ğŸ™ğŸ¾
1420661797615554560 2021-07-29 10:25:41 +0200 <DavidLGReilly> Good work Standard Bank
1420661627855192065 2021-07-29 10:25:01 +0200 <SelibengJobs> NEW: Standard Bank Partners With Inspire Innovation On Women Entrepreneurship  https://t.co/TDLji6ixc7
1420654246899425281 2021-07-29 09:55:41 +0200 <JanVanPotgieter> @thatoamanda_26 @StandardBankZA Batla nyela... Standard bank must pay out
1420648731876200449 2021-07-29 09:33:46 +0200 <KanvasTheArt> @TheAbikus @Kels_Lekwape It will still be quite a bit less workers... Standard bank retrenched thousands and replaced them with machinery, so has Macdonalds
1420647319154962432 2021-07-29 09:28:09 +0200 <Josias348Josias> @SB_BizConnect How do i join standard bank 4-sure panel as one their service provider for their insurance members
1420641276513427463 2021-07-29 09:04:09 +0200 <Briankelly68> @CityofJoburgZA Standard Bank also had the first auto teller on the corner of market and eloff streetâ€™s in Johannesburg in 1974
1420640091093995520 2021-07-29 08:59:26 +0200 <elitecynic> @ovshake42 @ramkid Dave Houghton 1996/97 Standard Bank Tri-series was captain and coach of Zimbabwe.
1420639061610569728 2021-07-29 08:55:21 +0200 <terkimbijames> I am inviting you to enjoy banking with Standard Chartered, through my referral code   https://t.co/HWNiO90eEY Don't forget to unlock new features by upgrading account and making transactions after registration.#fintech  #standardbank #standardcharteredbank #Scmobile
1420636219344670722 2021-07-29 08:44:03 +0200 <Yfm> WIN R1500 with â€œWho killed the beatâ€ on The Lady on Drive with the @StandardBankArt Jazz Festival!ğŸ·  1. Choose a jazz note hereğŸµ:  https://t.co/Bgx3CGyCOW 2. Put your creative spin on it!ğŸ¤ 3. Post a video or voice recording with the #NAF2021 &amp; tag @yfm  Standard Bank #ItCanBe  https://t.co/PY0uIELfn6
1420636040180781056 2021-07-29 08:43:20 +0200 <StandardBankArt> 2020 #SBYA for Jazz @SisonkeXonti is a highly esteemed saxophonist, composer and arranger. Donâ€™t miss his thought-provoking music at the online Standard Bank Jazz Festival. Book now:  https://t.co/I7JqhRGT7w #AWorldOfArts #NAF2021 #ItCanBe  https://t.co/w5B5OIkwBo
1420635376033616418 2021-07-29 08:40:42 +0200 <CityofJoburgZA> The first bank to open in the town was the Standard Bank, opening on 11 October 1886, in a tent. From the tent, it moved to a thatched cottage, and the building stood at 185 Anderson Street.â€‹ Below is their first brunch &amp; it's well over 130 years.   #ExploreJoburg ^LM  https://t.co/tLbwkdppqn
1420635063075676160 2021-07-29 08:39:27 +0200 <JJvVuu> #DustyHillRIP Continental Safari Tour, 31 July '96, Standard Bank Arena, Jhb  https://t.co/DsCWUeBm5E
1420632322156769281 2021-07-29 08:28:34 +0200 <Q_to_you> 2019. I used my standard bank points to pour petrol from CPT to EC. I had 3 full tanks nge points nje qha. Those things are important
1420631638082347009 2021-07-29 08:25:51 +0200 <Rnb129> @El_Chopernos Remember him more for the second of 3 games in the 1997 standard bank tri series - he and craig evans won them a game that was India's for the taking.
1420627335833915392 2021-07-29 08:08:45 +0200 <_NdoniYamanzi> Definitely standard bankğŸ˜‘
1420626108719017984 2021-07-29 08:03:52 +0200 <Bhekala1> Feature Analyst - Standard Bank - Gauteng  https://t.co/goVwNqWY8q #joblinks #jobs
1420625182604075009 2021-07-29 08:00:12 +0200 <StandardBankZA> Thanks to the Standard Bank Bursary Programme, Olwethu is now a Full Stack Developer. Hear more about his journey here:  https://t.co/4JmiJLouoO  #ItCanBe  https://t.co/eMxcD1sZCl
1420624313959391232 2021-07-29 07:56:45 +0200 <HelenaPitout> Making the Right Moves with the Standard Bank Business Credit Card  https://t.co/fCY7TjpLk2
1420622921937133568 2021-07-29 07:51:13 +0200 <JerryBouwer1> #RacialProfiling is so bad for Blacks in this Country!   @FNB @Absa and @StandardBank refuses to give a Black Person a R100 One month Loan .   Even if they know your Salary of R35k goes into that account!    #RacistBanksMustFall
1420611008423415812 2021-07-29 07:03:52 +0200 <Bhekala1> Feature Analyst - Standard Bank - Gauteng  https://t.co/aFkNM2xp97 #joblinks #CV
1420609650869915648 2021-07-29 06:58:29 +0200 <NtateSkha> Standard Bank has enabled insurance cover and claims capability via its WhatsApp-based chatbot.   This, as the bank reveals the chatbot has garnered interactions with some 300 000 South Africans since its launch last April  https://t.co/wd5YUZti9y
1420606395997638657 2021-07-29 06:45:33 +0200 <Tokolos30677865> @basilmabasa @tito_mboweni Use Standard Bank owned by the China and Afican Bank, VBS and Thyme bank. Stop complaining
1420598876046827522 2021-07-29 06:15:40 +0200 <LutherKR_> @HouzKid @AbsaSouthAfrica When you so this, you drive them crazy.  They won't come back. Standard Bank, charged me more than R2 000 in charges because there was no money in my business account for months, during the 1st few months of covid. Unreasonable and insensitive. Racist Banks Must Fall.
1420582368465719297 2021-07-29 05:10:04 +0200 <GTAOLOVER> ã€GTAOã€‘ãƒ‘ã‚·ãƒ•ã‚£ãƒƒã‚¯éŠ€è¡Œå¼·ç›—ã‚¨ãƒªãƒ¼ãƒˆãƒãƒ£ãƒ¬ãƒ³ã‚¸ The Pacific Standard Bank Job Elite Challenge - TestRoute - FINALOOP ã€PS4ã€‘  https://t.co/5JfZNvyFLc #GTA5
1420580218281021446 2021-07-29 05:01:31 +0200 <Mahanedza> @Thembisile_Q @niqita11 You can open a Standard Bank account online  transfer money from your account with your existing bank and effect the eft transaction. That is an option.
1420574607577214979 2021-07-29 04:39:14 +0200 <GTAOLOVER> ã€GTAOã€‘ãƒ‘ã‚·ãƒ•ã‚£ãƒƒã‚¯éŠ€è¡Œå¼·ç›—æº–å‚™ã€Œãƒãƒƒã‚­ãƒ³ã‚°ã€ãŠã¨ã‚Šãƒãƒ¼ãƒ ã§é»’ãƒãƒ³ã‚’æœ€é€Ÿæœ€çŸ­è·é›¢ã§é‹ã¶ãƒ«ãƒ¼ãƒ†ã‚£ãƒ³ã‚° Pacific Standard Bank - Setup Hack ã€PS4ã€‘  https://t.co/G81LQ2OJAm #GTA5
1420571230516678660 2021-07-29 04:25:48 +0200 <kingSushi2> @c_crealz @Mkay_Azania @StandardBankZA @deft_pr @tymebankza I too am slowly doing the same. Standard bank ke flopoğŸš®ğŸš®ğŸš®
1420559576001249287 2021-07-29 03:39:30 +0200 <GTAOLOVER> ã€GTAOã€‘ãƒ‘ã‚·ãƒ•ã‚£ãƒƒã‚¯éŠ€è¡Œå¼·ç›—æº–å‚™ã€Œä¿¡å·ã€ã§æ­»ã«ã‹ã‘ãŸã‘ã©åŠ©ã‹ã£ãŸã‚¯ãƒªã‚¹ãƒã‚¹ã®å¥‡è·¡ Pacific Standard Bank Heist - Signal Setup ã€PS4ã€‘  https://t.co/9JSv7gpLgp #GTA5
1420550608684257282 2021-07-29 03:03:52 +0200 <Bhekala1> Scrum Master - Standard Bank - Gauteng  https://t.co/SfSu25Sdhk #CV #resume
1420542283179507712 2021-07-29 02:30:47 +0200 <Bikofiles> Standard bank financed apartheid!    #RacistBanksMustFall
1420536859856232449 2021-07-29 02:09:14 +0200 <GTAOLOVER> ã€GTAOã€‘ ãƒ‘ã‚·ãƒ•ã‚£ãƒƒã‚¯éŠ€è¡Œå¼·ç›—ã‚¨ãƒªãƒ¼ãƒˆãƒãƒ£ãƒ¬ãƒ³ã‚¸ The Pacific Standard Bank Job Heist Elite Challenge - FINALE ã€PS4ã€‘  https://t.co/xqtKGdc0mj #GTA5
1420536546676064256 2021-07-29 02:07:59 +0200 <Bhekala1> Scrum Master - Standard Bank - Gauteng  https://t.co/kQvzpZcN2Z #CV #joblinks
1420535508351033345 2021-07-29 02:03:52 +0200 <Bhekala1> Scrum Master - Standard Bank - Gauteng  https://t.co/yQr0tayLJh #CV #joblinks
1420531352080953345 2021-07-29 01:47:21 +0200 <Iamshainmachel> @_Samukayyy Come to Standard bank
1420531213396238336 2021-07-29 01:46:48 +0200 <greenkleensa> @NdzaviDerrick I still can't forgive Standard bank for offering me a loan when I didn't need it and declined when I needed it. I left them.
1420522460647198720 2021-07-29 01:12:01 +0200 <LuckyLefty99> My aunt experienced a similar incident a few years back except this was with Standard Bank, all the money in her savings account vanished without a trace and nobody from Standard Bank knows what happened to it.ğŸ™„ğŸ™„
1420521420992520193 2021-07-29 01:07:53 +0200 <Bhekala1> Scrum Master - Standard Bank - Gauteng  https://t.co/SfSu25Sdhk #joblinks #resume
1420512336536915970 2021-07-29 00:31:47 +0200 <Glocky_boi> @venus_smuggler ğŸ˜¦ What the the other two banks ABSA and standard bank
1420506320877260802 2021-07-29 00:07:53 +0200 <Bhekala1> Scrum Master - Standard Bank - Gauteng  https://t.co/yQr0tayLJh #resume #findwork
1420504173158797318 2021-07-28 23:59:21 +0200 <ndlozi_mbali> Buy your ticket and find out why we are nominated for the Standard Bank Ovation Award.  https://t.co/aVgU6eYcIQâ€¦  Follow this link to get your tickets and watch from the comfort of your home. #BBNaija #BeKindHeartedToday #StandardBankArt  https://t.co/CrbNDYzBa8
1420492814861881355 2021-07-28 23:14:13 +0200 <cryptokj2> 2) And a previous article that's related. Standard Bank &amp; @traydstream.   #XDC    https://t.co/mjpfMGnrET
1420491573914112004 2021-07-28 23:09:17 +0200 <Bhekala1> Scrum Master - Standard Bank - Gauteng  https://t.co/UW4qOqIvvN #CV #jobs
1420491572639064066 2021-07-28 23:09:17 +0200 <MthokozisiZulu> We received a Standard Bank Ovation Award! â¤ï¸Thank you @StandardBankArt &amp; @artsfestival  ğŸ™ğŸ¾ @mpume_ngwenya  &amp; @Kwan91861656 my amazing cast, congratulations! Thank you to my crew and everyone that made FED possible.
1420491566683090945 2021-07-28 23:09:15 +0200 <GTAOLOVER> ã€GTAOã€‘ãƒ‘ã‚·ãƒ•ã‚£ãƒƒã‚¯éŠ€è¡Œå¼·ç›—æº–å‚™ã€Œãƒã‚¤ã‚¯ã€ ãƒ¬ã‚¯ãƒˆãƒ­ã‚’ã‚µãƒ³ãƒ‰ã‚­ãƒ³ã‚°ã§é‹ã¶ã‚ˆï¼ ï¼ˆãƒã‚¿ãƒ—ãƒ¬ã‚¤ç·¨ï¼‰Pacific Standard Bank Heist - Bikes Setupã€PS4ã€‘  https://t.co/Pb6dDcm0kG #GTA5
1420482777842163714 2021-07-28 22:34:20 +0200 <cnkymodisha> @Simpaas @insightfactor Standard bank paid my money back  After 48 hours of reporting that I was robbed at ATM
1420480298928590848 2021-07-28 22:24:29 +0200 <No1FeministFan> @MbuyiseniNdlozi @dmandisi Waiting for Standard Bank Joy of Jazz 2021 like this...
1420476374289195010 2021-07-28 22:08:53 +0200 <Bhekala1> Scrum Master - Standard Bank - Gauteng  https://t.co/1lV2K1PJKA #jobs #CV
1420470673512742914 2021-07-28 21:46:14 +0200 <zwotea_t> Standard bank ğŸ˜­ğŸ’”ğŸ˜ªğŸš®ğŸš®Customer care services are really horrible like today l was in a line from 12:00 to 16:00 just to collect a mere bank card ğŸ˜­ğŸ’”ğŸ˜©ğŸ¥².Yoh please @StandardBankZA fix your Thohoyandou branch . #standardbank #GomoraMzanzi #gladys #cassper  https://t.co/haD8fLXd4j
1420469994140413958 2021-07-28 21:43:32 +0200 <MMO_OfficesMoz> Still a big mystery! #standardbank
1420466326393528326 2021-07-28 21:28:57 +0200 <FGungulo> @Mrs_libraa Na Av. De Trabalho, perto da Romos em direÃ§Ã£o a quem vai ao Standard Bank ou G4S
1420465011273654274 2021-07-28 21:23:44 +0200 <stitchious> You wanted FNB, Standard Bank, Absa or Nedbank to process R350?
1420460346083528712 2021-07-28 21:05:12 +0200 <Sphiwe_100> Blocked my standard bank account due to security reasons . I have to go into the bank tomorrow in order to replace my card &amp; I just realised I misplaced my id bookğŸ˜­ğŸ˜­ğŸ˜­ğŸ˜­
1420459828867125259 2021-07-28 21:03:08 +0200 <BandeziAsavela> Standard Bank Group: Bursaries 2022  https://t.co/Yah9x0NgDB
1420455950994059264 2021-07-28 20:47:44 +0200 <CoinDCX_Cares> @kifayatigyaan Hi Ashish, our team is working actively to bring back the UPI facility. You can use the Standard Bank Deposit option on CoinDCX Pro App/Web if your deposit amount is higher than INR 2 lacs. Meanwhile, you can use MobiKwik deposit to make a deposit for any smaller denomination.
1420453814293778433 2021-07-28 20:39:14 +0200 <GTAOLOVER> ã€GTAOã€‘ ãƒ‘ã‚·ãƒ•ã‚£ãƒƒã‚¯éŠ€è¡Œå¼·ç›—ã‚¨ãƒªãƒ¼ãƒˆãƒãƒ£ãƒ¬ãƒ³ã‚¸ The Pacific Standard Bank Job Heist Elite Challenge - FINALOOP ã€PS4ã€‘  https://t.co/dbOz3ju50G #GTA5
1420451198671458304 2021-07-28 20:28:51 +0200 <allhail> @TaraDomOs I have to say Iâ€™ve done the new ID at Standard Bank and that was seamless!
1420449656799117315 2021-07-28 20:22:43 +0200 <MathivhaMzamo1> @sufficient_love Standard bank African bank
1420448125546815495 2021-07-28 20:16:38 +0200 <MeuJwara_Ju> Happened to my mom and she moved her account to Standard bank immediately. Bayajwayelana eFNB
1420446217750949890 2021-07-28 20:09:03 +0200 <Bhekala1> Scrum Master - Standard Bank - Gauteng  https://t.co/CYMaI2x03o #CV #jobs
1420445146227822604 2021-07-28 20:04:48 +0200 <Mandah26922638> @Ngaziii Standard Bank and FNB are number 1 these days
1420434219558481925 2021-07-28 19:21:22 +0200 <carolinedewet> @YayaOfTroy @TheOtheMichaelJ Iâ€™ve just been to hell and back with Standard Bank bond grant, so many issues and mistakes but congratulations to your daughter Iâ€™m sure her transaction will be smooth going. Well done on getting into the property market. It is so crucial in building wealth. ğŸš
1420431631890976772 2021-07-28 19:11:06 +0200 <_Finnovex> ğŸ“Œ Meet your Panellists: Dr. Bongani Andy Mabaso || Chief Information Officer at Standard Bank Group (@SBGroup )  Albert Yirenchi Danquah || Chief Information Security Officer (CISO) at Stanbic IBTC Bank (@StanbicIBTC )
1420431203987910658 2021-07-28 19:09:24 +0200 <GTAOLOVER> ã€GTAOã€‘ãƒ‘ã‚·ãƒ•ã‚£ãƒƒã‚¯éŠ€è¡Œå¼·ç›—(ãƒ‘ã‚·ãƒ•ã‚£ãƒŠ) ãƒ‡ã‚£ãƒ³ã‚®ãƒ¼ä¹—ã£ã¦ã‚´ãƒ¼ãƒ«ã¾ã§éŠã‚“ã§ãŸã‚‰ãƒã‚¹ã‚¿ãƒ«ã‚¸ãƒƒã‚¯ãªä¸–ç•Œã«çªå…¥ Pacific Standard Bank Heist - FINALE ã€PS4ã€‘  https://t.co/L06KbNF3Hj #GTA5
1420431069069910019 2021-07-28 19:08:51 +0200 <Bhekala1> Scrum Master - Standard Bank - Gauteng  https://t.co/xqg72dOP0c #joblinks #findwork
1420428154804580352 2021-07-28 18:57:17 +0200 <DigitalStreetZA> OneFarm Share distributes more than 80 tons of food to KZN unrest relief / rebuilding?  https://t.co/yGQEqJUbRg  --- @StandardBankZA #StandardBank #OneFarmShare #UnrestSA #Donation #Relief #Rebuilding #NonProfit #SouthAfrica  https://t.co/bXMGAPxrYE
1420426285424250883 2021-07-28 18:49:51 +0200 <KMKoekemoer> @siphephelo18 @Mkay_Azania @StandardBankZA @deft_pr that's what happened to me, i applied for credit card but i only qualified for 1000 kere 1tao, but i went to standard bank they gave me 15000tao, but im still with Absa
1420425139171196929 2021-07-28 18:45:18 +0200 <hbar_to_moon> @dangerfish1972 @hedera Based on my personal research. EMTECH already building CBDC on Hedera and hedera is part of IWA whose participants are actively building CBDCs as well. Standard Bank has from Africa has also been open about exploring CBDCs with Hedera. That's off the top of my head
1420423951931658240 2021-07-28 18:40:34 +0200 <StandardBankArt> Help us raise up to R500 000 for the artists on the Fringe of the @artsfestival. Simply write a message of support and Standard Bank will donate money for every message received. Visit Bank of Dreams here:  https://t.co/GNuC9l4uGm #BankOfDreams #ItCanBe  https://t.co/gBVnWaDJn9
1420423361268756482 2021-07-28 18:38:14 +0200 <MissPMatoli> @evolving2live Easy equities.  Standard bank online share trading.
1420417485656965123 2021-07-28 18:14:53 +0200 <unqambothi_> @PhindileForbes @MrsNoma Nithi i Standard bank yenzani? ğŸ¤£ğŸ¤£ğŸ¤£ğŸ¤¦
1420413793037955076 2021-07-28 18:00:12 +0200 <twrafrica> #ReachtheWorld for Christ| You can support TWR financially with a gift of any amount, at Standard Bank, Festival Mall Branch ( 012442) Account number 01 193 2945; or securely via our website  https://t.co/amyergIOrl  https://t.co/rIELxul4mr
1420413478205108226 2021-07-28 17:58:57 +0200 <Yfm> Congratulations to @impakt_OhG for winning R1500! ğŸ‘  Bongani is the winner in today's battle on Who Killed the Beat on  #TheLadyOnDrive with  Standard Bank - Arts  Jazz Festival. ğŸ·ğŸºğŸ™   #NAF2021  https://t.co/yvVtB0uYI5
1420413054702039046 2021-07-28 17:57:16 +0200 <PHANTOM_141_SAS> @Woods69196740 â€œPacific standard bankâ€
1420412260837638149 2021-07-28 17:54:07 +0200 <Sbo_21> @MozzeMkgotlis @LeGhettoSnob_ This as well! Iâ€™ve applied for a business loan at standard bank and the requirementsâ€¦ ğŸ¤£
1420406383489560577 2021-07-28 17:30:46 +0200 <Bestfri3nd_> My first one was the Sum1 account from standard bank.. I think my mom. Opened it for me when I was 10.. @SizweDhlomo #KhayaDrive
1420399290061557763 2021-07-28 17:02:35 +0200 <The_Reality_1> @SiphoGcora @Mkay_Azania @StandardBankZA @deft_pr Standard Bank is a black owned bank. Malema. Ramaphosa and Zuma own shares in Standard Bank through their pension funds just like white people.
1420399142648561666 2021-07-28 17:02:00 +0200 <nkosibusa> Standard Bank Ixopo branch R2.5 million from a business transferred into four accounts with out authorization.   They failed to give answers and the hawks are nor assisting , local police stations refused to open a case.
1420398314885894147 2021-07-28 16:58:42 +0200 <StandardBankArt> A special congratulations to this weekâ€™s Standard Bank Ovation Award winners! Thank you for sharing your amazing talents with us! ğŸ’™ #NAF2021 #ItCanBe #AWorldOfArts
1420393901370847232 2021-07-28 16:41:10 +0200 <Yfm> WIN R1500 with â€œWho killed the beatâ€ on The Lady on Drive with the @StandardBankArt Jazz Festival!ğŸ·  1. Choose a jazz note hereğŸµ:  https://t.co/Bgx3CGyCOW 2. Put your creative spin on it!ğŸ¤ 3. Post a video or voice recording with the #NAF2021 &amp; tag @yfm  Standard Bank #ItCanBe  https://t.co/Z2WUUPmYdS
1420393850569437191 2021-07-28 16:40:58 +0200 <MabenaBusi1> @IamSihleNdlala @Tumi91893972 @RSphiso @NkanyeziKubheka True  .even @Standard Bank never paid me this.ğŸ‘‰  https://t.co/ve475KUaly
1420393127538577410 2021-07-28 16:38:05 +0200 <MrsNoma> @PhindileForbes What happened?  I love standard bank for business purposes, yes I don't always agree with the systems and processes but overall they are good for my business
1420389591618625540 2021-07-28 16:24:02 +0200 <artsfestival> New round of @StandardBankArt Ovation Awards ğŸ‘ğŸ‘ The Standard Bank Ovations Awards recognise works on the Fringe that stand out. These shows will bear the Standard Bank Ovation sticker so be sure to catch them and join us at the Standard Bank Ovation Awards Ceremony on the 31st!  https://t.co/ZKMxvTHOqa
1420389244586049538 2021-07-28 16:22:40 +0200 <NRelwob> @Mkay_Azania @StandardBankZA @deft_pr Hope you changed bank.  I also cancelled my Standard Bank account.
1420388957901180935 2021-07-28 16:21:31 +0200 <JeremiaThulo> Teekay actually made me more vigilant about the activities on my bank account, bcs standard bank really be taking money without me noticing â˜ ï¸
1420388529650163712 2021-07-28 16:19:49 +0200 <grantbza> @StandardBankZA she also has a few standard bank accounts
1420387165469614082 2021-07-28 16:14:24 +0200 <Xman_101_> @Sasalurv @mmodiba10 @StandardBankZA @Sasalurv I am also with Standard bank , their private banking department is useless they donâ€™t reply to any request or they will tell you to go to the bank. The last time I spoke to my banker was when she was assigned to me. I am cancelling my account with them
1420384677559513089 2021-07-28 16:04:31 +0200 <kingcodes013> most racist banks i know is FNB and Standard Bank. Nedbank and Capitec is very good banks the rest are racist! #RacistBanksMustFall
1420383656217022466 2021-07-28 16:00:27 +0200 <EINInsurance> Standard Bank bolsters chatbot with insurance claims function  https://t.co/RDUek0tpQo
1420382994808848389 2021-07-28 15:57:50 +0200 <sizwefaithsitho> @Stallie10 @NkanyeziKubheka How do you play lotto with standard bank
1420382905210134530 2021-07-28 15:57:28 +0200 <YayaOfTroy> @TheOtheMichaelJ You are the second person this week complimenting Standard Bank for bonds, good for them. @carolinedewet
